SARSCoV_1200_1	SARSCoV_1200_1_LEFT	ACCAACCAACTTTCGATCTCTTGT	30
SARSCoV_1200_1	SARSCoV_1200_1_RIGHT	GGTTGCATTCATTTGGTGACGC	1183
SARSCoV_1200_3	SARSCoV_1200_3_LEFT	GGCTTGAAGAGAAGTTTAAGGAAGGT	2153
SARSCoV_1200_3	SARSCoV_1200_3_RIGHT	GATTGTCCTCACTGCCGTCTTG	3235
SARSCoV_1200_5	SARSCoV_1200_5_LEFT	ACCTACTAAAAAGGCTGGTGGC	4167
SARSCoV_1200_5	SARSCoV_1200_5_RIGHT	AGCATCTTGTAGAGCAGGTGGA	5337
SARSCoV_1200_7	SARSCoV_1200_7_LEFT	ACCTGGTGTATACGTTGTCTTTGG	6283
SARSCoV_1200_7	SARSCoV_1200_7_RIGHT	GCTGAAATCGGGGCCATTTGTA	7379
SARSCoV_1200_9	SARSCoV_1200_9_LEFT	AGAAGTTACTGGCGATAGTTGTAATAACT	8253
SARSCoV_1200_9	SARSCoV_1200_9_RIGHT	TGCTGATATGTCCAAAGCACCA	9378
SARSCoV_1200_11	SARSCoV_1200_11_LEFT	AGACACCTAAGTATAAGTTTGTTCGCA	10343
SARSCoV_1200_11	SARSCoV_1200_11_RIGHT	GCCCACATGGAAATGGCTTGAT	11447
SARSCoV_1200_13	SARSCoV_1200_13_LEFT	ACCTCTTACAACAGCAGCCAAAC	12450
SARSCoV_1200_13	SARSCoV_1200_13_RIGHT	CGTCCTTTTCTTGGAAGCGACA	13599
SARSCoV_1200_15	SARSCoV_1200_15_LEFT	TTTTAAGGAATTACTTGTGTATGCTGCT	14540
SARSCoV_1200_15	SARSCoV_1200_15_RIGHT	ACACACAACAGCATCGTCAGAG	15713
SARSCoV_1200_17	SARSCoV_1200_17_LEFT	TCAAGCTTTTTGCAGCAGAAACG	16624
SARSCoV_1200_17	SARSCoV_1200_17_RIGHT	CCAAGCAGGGTTACGTGTAAGG	17732
SARSCoV_1200_19	SARSCoV_1200_19_LEFT	GGCACATGGCTTTGAGTTGACA	18596
SARSCoV_1200_19	SARSCoV_1200_19_RIGHT	CCTGTTGTCCATCAAAGTGTCCC	19655
SARSCoV_1200_21	SARSCoV_1200_21_LEFT	TCTGTAGTTTCTAAGGTTGTCAAAGTGA	20553
SARSCoV_1200_21	SARSCoV_1200_21_RIGHT	GCAGGGGGTAATTGAGTTCTGG	21620
SARSCoV_1200_23	SARSCoV_1200_23_LEFT	ACTTTAGAGTCCAACCAACAGAATCT	22511
SARSCoV_1200_23	SARSCoV_1200_23_RIGHT	TGACTAGCTACACTACGTGCCC	23609
SARSCoV_1200_25	SARSCoV_1200_25_LEFT	TGCTGCTACTAAAATGTCAGAGTGT	24633
SARSCoV_1200_25	SARSCoV_1200_25_RIGHT	CATTTCCAGCAAAGCCAAAGCC	25768
SARSCoV_1200_27	SARSCoV_1200_27_LEFT	TGGATCACCGGTGGAATTGCTA	26744
SARSCoV_1200_27	SARSCoV_1200_27_RIGHT	TGTTCGTTTAGGCGTGACAAGT	27872
SARSCoV_1200_29	SARSCoV_1200_29_LEFT	TGAGGGAGCCTTGAATACACCA	28677
SARSCoV_1200_29	SARSCoV_1200_29_RIGHT	TAGGCAGCTCTCCCTAGCATTG	29768
SARSCoV_1200_2	SARSCoV_1200_2_LEFT	CCATAATCAAGACTATTCAACCAAGGGT	1100
SARSCoV_1200_2	SARSCoV_1200_2_RIGHT	ACAGGTGACAATTTGTCCACCG	2244
SARSCoV_1200_4	SARSCoV_1200_4_LEFT	GGAATTTGGTGCCACTTCTGCT	3144
SARSCoV_1200_4	SARSCoV_1200_4_RIGHT	CCTGACCCGGGTAAGTGGTTAT	4240
SARSCoV_1200_6	SARSCoV_1200_6_LEFT	ACTTCTATTAAATGGGCAGATAACAACTG	5257
SARSCoV_1200_6	SARSCoV_1200_6_RIGHT	GATTATCCATTCCCTGCGCGTC	6358
SARSCoV_1200_8	SARSCoV_1200_8_LEFT	CAATCATGCAATTGTTTTTCAGCTATTTTG	7298
SARSCoV_1200_8	SARSCoV_1200_8_RIGHT	TGACTTTTTGCTACCTGCGCAT	8363
SARSCoV_1200_10	SARSCoV_1200_10_LEFT	TTTACCAGGAGTTTTCTGTGGTGT	9303
SARSCoV_1200_10	SARSCoV_1200_10_RIGHT	TGGGCCTCATAGCACATTGGTA	10429
SARSCoV_1200_12	SARSCoV_1200_12_LEFT	ATGGTGCTAGGAGAGTGTGGAC	11372
SARSCoV_1200_12	SARSCoV_1200_12_RIGHT	GGATTTCCCACAATGCTGATGC	12538
SARSCoV_1200_14	SARSCoV_1200_14_LEFT	ACAGGCACTAGTACTGATGTCGT	13509
SARSCoV_1200_14	SARSCoV_1200_14_RIGHT	GTGCAGCTACTGAAAAGCACGT	14619
SARSCoV_1200_16	SARSCoV_1200_16_LEFT	ACAACACAGACTTTATGAGTGTCTCT	15608
SARSCoV_1200_16	SARSCoV_1200_16_RIGHT	CTCTGTCAGACAGCACTTCACG	16698
SARSCoV_1200_18	SARSCoV_1200_18_LEFT	GCACATAAAGACAAATCAGCTCAATGC	17622
SARSCoV_1200_18	SARSCoV_1200_18_RIGHT	TGTCTGAAGCAGTGGAAAAGCA	18684
SARSCoV_1200_20	SARSCoV_1200_20_LEFT	ACAATTTGATACTTATAACCTCTGGAACAC	19574
SARSCoV_1200_20	SARSCoV_1200_20_RIGHT	GATTAGGCATAGCAACACCCGG	20676
SARSCoV_1200_22	SARSCoV_1200_22_LEFT	GTGATGTTCTTGTTAACAACTAAACGAACA	21532
SARSCoV_1200_22	SARSCoV_1200_22_RIGHT	AACAGATGCAAATCTGGTGGCG	22590
SARSCoV_1200_24	SARSCoV_1200_24_LEFT	GCTGAACATGTCAACAACTCATATGA	23518
SARSCoV_1200_24	SARSCoV_1200_24_RIGHT	ATGAGGTGCTGACTGAGGGAAG	24714
SARSCoV_1200_26	SARSCoV_1200_26_LEFT	GCCTTGAAGCCCCTTTTCTCTA	25690
SARSCoV_1200_26	SARSCoV_1200_26_RIGHT	AATGACCACATGGAACGCGTAC	26835
SARSCoV_1200_28	SARSCoV_1200_28_LEFT	TTTGTGCTTTTTAGCCTTTCTGCT	27784
SARSCoV_1200_28	SARSCoV_1200_28_RIGHT	GTTTGGCCTTGTTGTTGTTGGC	28985
